,rules,time_class,time_control,rated,game,result,date,time,period,white.username,black.username,white.rating,black.rating,white.result,black.result,white.score,black.score,white_elo_forecast,black_elo_forecast,eco,eco_url,game_url,white_url,black_url
0,chess,blitz,600,True,1,0-1,2018-08-04,05:28:37,2018-8,0ArtMak0,KURDISTAN_YAKA,1371,1381,resigned,win,0.0,1.0,0.48561281583400134,0.5143871841659987,C34,https://www.chess.com/openings/C34-Kings-Gambit-Accepted-Kings-Knight-Gambit,https://www.chess.com/live/game/2983025918,https://api.chess.com/pub/player/0artmak0,https://api.chess.com/pub/player/kurdistan_yaka
0,chess,blitz,600,True,1,1-0,2018-08-04,05:32:23,2018-8,Shady1234567890ABC,0ArtMak0,1363,1338,win,resigned,1.0,0.0,0.5359159269451023,0.4640840730548977,B50,https://www.chess.com/openings/B50-Sicilian-Defense-2.Nf3-d6,https://www.chess.com/live/game/2983030264,https://api.chess.com/pub/player/shady1234567890abc,https://api.chess.com/pub/player/0artmak0
0,chess,blitz,600,True,1,1-0,2018-08-05,08:17:58,2018-8,boki626,0ArtMak0,1308,1306,win,timeout,1.0,0.0,0.502878199574811,0.4971218004251891,A40,https://www.chess.com/openings/A40-Queens-Pawn-Opening-Horwitz-Defense,https://www.chess.com/live/game/2985338453,https://api.chess.com/pub/player/boki626,https://api.chess.com/pub/player/0artmak0
0,chess,blitz,600,True,1,0-1,2018-08-05,08:37:35,2018-8,GET62,0ArtMak0,1307,1334,resigned,win,0.0,1.0,0.46122190794282847,0.5387780920571715,B20,https://www.chess.com/openings/B20-Sicilian-Defense-Snyder-Variation,https://www.chess.com/live/game/2985363258,https://api.chess.com/pub/player/get62,https://api.chess.com/pub/player/0artmak0
0,chess,blitz,600,True,1,1-0,2018-08-07,14:43:08,2018-8,0ArtMak0,kascarland,1358,1305,win,resigned,1.0,0.0,0.5756869523764296,0.4243130476235704,C30,https://www.chess.com/openings/C30-Kings-Gambit-Declined-Keene-Defense-3.g3,https://www.chess.com/live/game/2990310468,https://api.chess.com/pub/player/0artmak0,https://api.chess.com/pub/player/kascarland
0,chess,blitz,600,True,1,0-1,2018-08-07,14:48:11,2018-8,0ArtMak0,curio1020,1335,1384,resigned,win,0.0,1.0,0.42994717641601177,0.5700528235839882,C34,https://www.chess.com/openings/C34-Kings-Gambit-Accepted-MacLeod-Defense,https://www.chess.com/live/game/2990320420,https://api.chess.com/pub/player/0artmak0,https://api.chess.com/pub/player/curio1020
0,chess,blitz,600,True,1,0-1,2018-08-08,12:15:52,2018-8,0ArtMak0,Ramengo73,1312,1338,timeout,win,0.0,1.0,0.4626526828335072,0.5373473171664928,C37,https://www.chess.com/openings/C37-Kings-Gambit-Accepted-Rosentreter-Gambit,https://www.chess.com/live/game/2992258485,https://api.chess.com/pub/player/0artmak0,https://api.chess.com/pub/player/ramengo73
0,chess,blitz,600,True,1,0-1,2018-08-08,12:37:02,2018-8,porksnice,0ArtMak0,1295,1333,checkmated,win,0.0,1.0,0.44553062597832394,0.554469374021676,A00,https://www.chess.com/openings/A00-Vant-Kruijs-Opening,https://www.chess.com/live/game/2992293986,https://api.chess.com/pub/player/porksnice,https://api.chess.com/pub/player/0artmak0
0,chess,blitz,600,True,1,1-0,2018-08-08,12:54:29,2018-8,0ArtMak0,porksnice,1351,1288,win,checkmated,1.0,0.0,0.5896835031399501,0.41031649686004995,B00,https://www.chess.com/openings/B00-Kings-Pawn-Opening-St-George-Defense,https://www.chess.com/live/game/2992324114,https://api.chess.com/pub/player/0artmak0,https://api.chess.com/pub/player/porksnice
0,chess,blitz,600,True,1,1-0,2018-08-09,10:37:17,2018-8,jentzd,0ArtMak0,1312,1329,win,resigned,1.0,0.0,0.47555453887933863,0.5244454611206615,A00,https://www.chess.com/openings/A00-Vant-Kruijs-Opening,https://www.chess.com/live/game/2994313070,https://api.chess.com/pub/player/jentzd,https://api.chess.com/pub/player/0artmak0
0,chess,blitz,600,True,1,0-1,2018-08-09,10:51:43,2018-8,cubanfly6666,0ArtMak0,1275,1345,timeout,win,0.0,1.0,0.40060320329074317,0.5993967967092568,A01,https://www.chess.com/openings/A01-Nimzowitsch-Larsen-Attack-English-Variation,https://www.chess.com/live/game/2994334054,https://api.chess.com/pub/player/cubanfly6666,https://api.chess.com/pub/player/0artmak0
0,chess,blitz,600,True,1,0-1,2018-08-11,14:58:16,2018-8,0ArtMak0,hanifmech1234,1328,1362,checkmated,win,0.0,1.0,0.4512256641402582,0.5487743358597419,B00,https://www.chess.com/openings/B00-Kings-Pawn-Opening-Owen-Defense,https://www.chess.com/live/game/2999106625,https://api.chess.com/pub/player/0artmak0,https://api.chess.com/pub/player/hanifmech1234
0,chess,blitz,600,True,1,1-0,2018-08-12,08:24:16,2018-8,Eglem,0ArtMak0,1366,1313,win,resigned,1.0,0.0,0.5756869523764296,0.4243130476235704,B20,https://www.chess.com/openings/B20-Sicilian-Defense-Bowdler-Attack,https://www.chess.com/live/game/3000657695,https://api.chess.com/pub/player/eglem,https://api.chess.com/pub/player/0artmak0
0,chess,blitz,600,True,1,0-1,2018-08-13,11:07:54,2018-8,0ArtMak0,anuraagdheerubhai,1297,1331,timeout,win,0.0,1.0,0.4512256641402582,0.5487743358597419,C34,https://www.chess.com/openings/C34-Kings-Gambit-Accepted-Kings-Knight-Gambit,https://www.chess.com/live/game/3003058420,https://api.chess.com/pub/player/0artmak0,https://api.chess.com/pub/player/anuraagdheerubhai
0,chess,blitz,600,True,1,1-0,2018-08-13,11:36:01,2018-8,YzmHaoe,0ArtMak0,1309,1282,win,timeout,1.0,0.0,0.5387780920571715,0.46122190794282847,B50,https://www.chess.com/openings/B50-Sicilian-Defense-2.Nf3-d6,https://www.chess.com/live/game/3003101427,https://api.chess.com/pub/player/yzmhaoe,https://api.chess.com/pub/player/0artmak0
0,chess,blitz,600,True,1,0-1,2018-08-13,12:52:36,2018-8,0ArtMak0,Sim087,1265,1242,resigned,win,0.0,1.0,0.5330513938844411,0.46694860611555894,C37,https://www.chess.com/openings/C37-Kings-Gambit-Accepted-Rosentreter-Gambit,https://www.chess.com/live/game/3003227291,https://api.chess.com/pub/player/0artmak0,https://api.chess.com/pub/player/sim087
0,chess,blitz,600,True,1,0-1,2018-08-13,13:12:00,2018-8,Eliftbowwow,0ArtMak0,1253,1279,checkmated,win,0.0,1.0,0.4626526828335072,0.5373473171664928,B52,https://www.chess.com/openings/B52-Sicilian-Defense-Canal-Main-Line-4.Bxd7-Nxd7,https://www.chess.com/live/game/3003261944,https://api.chess.com/pub/player/eliftbowwow,https://api.chess.com/pub/player/0artmak0
0,chess,blitz,600,True,1,1-0,2018-08-13,13:54:29,2018-8,0ArtMak0,Projezz,1292,1244,win,resigned,1.0,0.0,0.5686413918836677,0.43135860811633236,B21,https://www.chess.com/openings/B21-Sicilian-Defense-McDonnell-Attack-2...Nc6-3.Nf3-e6,https://www.chess.com/live/game/3003338427,https://api.chess.com/pub/player/0artmak0,https://api.chess.com/pub/player/projezz
0,chess,blitz,600,True,1,0-1,2018-08-13,14:05:01,2018-8,praveenmathur,0ArtMak0,1289,1306,resigned,win,0.0,1.0,0.47555453887933863,0.5244454611206615,A40,https://www.chess.com/openings/A40-Queens-Pawn-Opening-Horwitz-Defense,https://www.chess.com/live/game/3003357469,https://api.chess.com/pub/player/praveenmathur,https://api.chess.com/pub/player/0artmak0
0,chess,blitz,600,True,1,1-0,2018-08-13,14:17:02,2018-8,0ArtMak0,kunalgawande,1319,1313,win,resigned,1.0,0.0,0.5086338358210827,0.4913661641789174,C37,https://www.chess.com/openings/C37-Kings-Gambit-Accepted-Rosentreter-Gambit,https://www.chess.com/live/game/3003381077,https://api.chess.com/pub/player/0artmak0,https://api.chess.com/pub/player/kunalgawande
0,chess,blitz,600,True,1,1-0,2018-08-13,19:20:45,2018-8,0ArtMak0,elcana1,1331,1308,win,resigned,1.0,0.0,0.5330513938844411,0.46694860611555894,C34,https://www.chess.com/openings/C34-Kings-Gambit-Accepted-Becker-Defense,https://www.chess.com/live/game/3003995982,https://api.chess.com/pub/player/0artmak0,https://api.chess.com/pub/player/elcana1
0,chess,blitz,600,True,1,0-1,2018-08-13,19:28:52,2018-8,TheBigTamale,0ArtMak0,1360,1344,resigned,win,0.0,1.0,0.5230095872975623,0.4769904127024377,A00,https://www.chess.com/openings/A00-Vant-Kruijs-Opening,https://www.chess.com/live/game/3004012311,https://api.chess.com/pub/player/thebigtamale,https://api.chess.com/pub/player/0artmak0
0,chess,blitz,600,True,1,1-0,2018-08-14,12:03:48,2018-8,0ArtMak0,lemitou,1356,1347,win,checkmated,1.0,0.0,0.5129491448928637,0.48705085510713625,C34,https://www.chess.com/openings/C34-Kings-Gambit-Accepted-Fischer-Defense-4.d4-Nf6,https://www.chess.com/live/game/3005414046,https://api.chess.com/pub/player/0artmak0,https://api.chess.com/pub/player/lemitou
0,chess,blitz,600,True,1,0-1,2018-08-14,12:09:02,2018-8,ShaheerMalikkk,0ArtMak0,1321,1366,resigned,win,0.0,1.0,0.4355995097595788,0.5644004902404213,C00,https://www.chess.com/openings/C00-French-Defense-Normal-Variation,https://www.chess.com/live/game/3005422147,https://api.chess.com/pub/player/shaheermalikkk,https://api.chess.com/pub/player/0artmak0
0,chess,blitz,600,True,1,0-1,2018-08-14,12:17:43,2018-8,neraca_usang,0ArtMak0,1402,1378,abandoned,win,0.0,1.0,0.5344839447268315,0.46551605527316847,B20,https://www.chess.com/openings/B20-Sicilian-Defense,https://www.chess.com/live/game/3005437667,https://api.chess.com/pub/player/neraca_usang,https://api.chess.com/pub/player/0artmak0
0,chess,blitz,600,True,1,1-0,2018-08-14,12:48:00,2018-8,satyabrata0552,0ArtMak0,1407,1368,win,resigned,1.0,0.0,0.5558909611168531,0.4441090388831469,A00,https://www.chess.com/openings/A00-Hungarian-Opening-Sicilian-Invitation,https://www.chess.com/live/game/3005488389,https://api.chess.com/pub/player/satyabrata0552,https://api.chess.com/pub/player/0artmak0
0,chess,blitz,600,True,1,0-1,2018-08-14,13:02:01,2018-8,0ArtMak0,sirius_black29,1357,1352,resigned,win,0.0,1.0,0.5071950817090514,0.49280491829094863,C34,https://www.chess.com/openings/C34-Kings-Gambit-Accepted-Kings-Knight-Gambit,https://www.chess.com/live/game/3005513176,https://api.chess.com/pub/player/0artmak0,https://api.chess.com/pub/player/sirius_black29
0,chess,blitz,600,True,1,0-1,2018-08-15,15:02:46,2018-8,0ArtMak0,Sancho_85,1346,1341,resigned,win,0.0,1.0,0.5071950817090514,0.49280491829094863,C37,https://www.chess.com/openings/C37-Kings-Gambit-Accepted-Ghulam-Kassim-Gambit,https://www.chess.com/live/game/3008006970,https://api.chess.com/pub/player/0artmak0,https://api.chess.com/pub/player/sancho_85
0,chess,blitz,600,True,1,0-1,2018-08-15,15:07:45,2018-8,gabocorzo,0ArtMak0,1302,1355,resigned,win,0.0,1.0,0.4243130476235704,0.5756869523764296,B20,https://www.chess.com/openings/B20-Sicilian-Defense-Bowdler-Attack,https://www.chess.com/live/game/3008016027,https://api.chess.com/pub/player/gabocorzo,https://api.chess.com/pub/player/0artmak0
0,chess,blitz,600,True,1,0-1,2018-08-15,15:23:36,2018-8,mospivcom,0ArtMak0,1350,1365,timeout,win,0.0,1.0,0.47842666694885455,0.5215733330511455,B23,https://www.chess.com/openings/B23-Sicilian-Defense-Closed-2...d6-3.Nge2,https://www.chess.com/live/game/3008047106,https://api.chess.com/pub/player/mospivcom,https://api.chess.com/pub/player/0artmak0
0,chess,blitz,600,True,1,0-1,2018-08-16,04:55:38,2018-8,0ArtMak0,Zustra108,1355,1363,resigned,win,0.0,1.0,0.4884891087822083,0.5115108912177917,B01,https://www.chess.com/openings/B01-Scandinavian-Defense-2.exd5,https://www.chess.com/live/game/3009342710,https://api.chess.com/pub/player/0artmak0,https://api.chess.com/pub/player/zustra108
0,chess,blitz,600,True,1,0-1,2018-08-16,05:06:18,2018-8,0ArtMak0,sk1966,1347,1391,timeout,win,0.0,1.0,0.43701527189640416,0.5629847281035958,B01,https://www.chess.com/openings/B01-Scandinavian-Defense-Mieses-Kotroc-Variation,https://www.chess.com/live/game/3009353645,https://api.chess.com/pub/player/0artmak0,https://api.chess.com/pub/player/sk1966
0,chess,blitz,600,True,1,1-0,2018-08-16,07:57:57,2018-8,0ArtMak0,LucaX8,1356,1356,win,timeout,1.0,0.0,0.5,0.5,B21,https://www.chess.com/openings/B21-Sicilian-Defense-McDonnell-Attack-2...d5-3.exd5-Qxd5,https://www.chess.com/live/game/3009550778,https://api.chess.com/pub/player/0artmak0,https://api.chess.com/pub/player/lucax8
0,chess,blitz,600,True,1,0-1,2018-08-16,08:16:43,2018-8,0ArtMak0,amro881989,1347,1354,resigned,win,0.0,1.0,0.48992755307256153,0.5100724469274385,B21,https://www.chess.com/openings/B21-Sicilian-Defense-McDonnell-Attack-2...Nc6-3.Nf3,https://www.chess.com/live/game/3009572933,https://api.chess.com/pub/player/0artmak0,https://api.chess.com/pub/player/amro881989
0,chess,blitz,600,True,1,1-0,2018-08-16,08:25:15,2018-8,RazyLJ,0ArtMak0,1384,1339,win,resigned,1.0,0.0,0.5644004902404213,0.4355995097595788,A40,https://www.chess.com/openings/A40-Queens-Pawn-Opening-Horwitz-Defense-2.c4-c5,https://www.chess.com/live/game/3009583553,https://api.chess.com/pub/player/razylj,https://api.chess.com/pub/player/0artmak0
0,chess,blitz,600,True,1,1/2-1/2,2018-08-16,08:39:03,2018-8,0ArtMak0,RazyLJ,1340,1383,insufficient,insufficient,0.5,0.5,0.43843206102635396,0.5615679389736461,B06,https://www.chess.com/openings/B06-Modern-Defense-Three-Pawns-Attack-with-2-f4,https://www.chess.com/live/game/3009600457,https://api.chess.com/pub/player/0artmak0,https://api.chess.com/pub/player/razylj
0,chess,blitz,600,True,1,1-0,2018-08-16,11:51:56,2018-8,sunilprasad,0ArtMak0,1352,1332,win,resigned,1.0,0.0,0.5287505638922686,0.4712494361077314,B54,https://www.chess.com/openings/B54-Sicilian-Defense-Open-Variation,https://www.chess.com/live/game/3009872473,https://api.chess.com/pub/player/sunilprasad,https://api.chess.com/pub/player/0artmak0
0,chess,blitz,600,True,1,0-1,2018-08-17,04:59:31,2018-8,amit7798,0ArtMak0,1368,1341,checkmated,win,0.0,1.0,0.5387780920571715,0.46122190794282847,A30,https://www.chess.com/openings/A30-English-Opening-Symmetrical-Variation-2.g3,https://www.chess.com/live/game/3011567772,https://api.chess.com/pub/player/amit7798,https://api.chess.com/pub/player/0artmak0
0,chess,blitz,600,True,1,0-1,2018-08-17,05:14:33,2018-8,0ArtMak0,amit7798,1334,1375,resigned,win,0.0,1.0,0.44126863067523897,0.558731369324761,B01,https://www.chess.com/openings/B01-Scandinavian-Defense-Mieses-Kotroc-Variation,https://www.chess.com/live/game/3011585379,https://api.chess.com/pub/player/0artmak0,https://api.chess.com/pub/player/amit7798
0,chess,blitz,600,True,1,0-1,2018-08-17,09:19:38,2018-8,Kenzhesh,0ArtMak0,1326,1342,checkmated,win,0.0,1.0,0.4769904127024377,0.5230095872975623,A40,https://www.chess.com/openings/A40-Queens-Pawn-Opening-Horwitz-Defense-2.c4-c5,https://www.chess.com/live/game/3011887561,https://api.chess.com/pub/player/kenzhesh,https://api.chess.com/pub/player/0artmak0
0,chess,blitz,600,True,1,1-0,2018-08-17,09:33:20,2018-8,0ArtMak0,Kenzhesh,1350,1318,win,checkmated,1.0,0.0,0.5459219227804837,0.4540780772195163,B21,https://www.chess.com/openings/B21-Sicilian-Defense-McDonnell-Attack-2...d6,https://www.chess.com/live/game/3011906417,https://api.chess.com/pub/player/0artmak0,https://api.chess.com/pub/player/kenzhesh
0,chess,blitz,600,True,1,1-0,2018-08-17,09:37:57,2018-8,farhadkhalili,0ArtMak0,1358,1342,win,resigned,1.0,0.0,0.5230095872975623,0.4769904127024377,C00,https://www.chess.com/openings/C00-French-Defense-Normal-Variation,https://www.chess.com/live/game/3011912389,https://api.chess.com/pub/player/farhadkhalili,https://api.chess.com/pub/player/0artmak0
0,chess,blitz,600,True,1,1-0,2018-08-17,09:50:21,2018-8,santhi1,0ArtMak0,1333,1334,win,resigned,1.0,0.0,0.4985608882908471,0.5014391117091528,A00,https://www.chess.com/openings/A00-Polish-Opening,https://www.chess.com/live/game/3011930243,https://api.chess.com/pub/player/santhi1,https://api.chess.com/pub/player/0artmak0
0,chess,blitz,600,True,1,1-0,2018-08-17,09:51:33,2018-8,0ArtMak0,CarCerMar,1340,1259,win,timeout,1.0,0.0,0.6145013610085578,0.3854986389914422,C35,https://www.chess.com/openings/C35-Kings-Gambit-Accepted-Cunningham-Defense,https://www.chess.com/live/game/3011931132,https://api.chess.com/pub/player/0artmak0,https://api.chess.com/pub/player/carcermar
0,chess,blitz,600,True,1,1-0,2018-08-18,05:38:52,2018-8,shubhendurouth,0ArtMak0,1314,1331,win,resigned,1.0,0.0,0.47555453887933863,0.5244454611206615,A40,https://www.chess.com/openings/A40-Queens-Pawn-Opening-Horwitz-Defense,https://www.chess.com/live/game/3013840189,https://api.chess.com/pub/player/shubhendurouth,https://api.chess.com/pub/player/0artmak0
0,chess,blitz,600,True,1,0-1,2018-08-18,05:49:07,2018-8,0ArtMak0,billad,1323,1342,resigned,win,0.0,1.0,0.4726840269935071,0.527315973006493,C36,https://www.chess.com/openings/C36-Kings-Gambit-Accepted-Modern-Defense-4.exd5,https://www.chess.com/live/game/3013852142,https://api.chess.com/pub/player/0artmak0,https://api.chess.com/pub/player/billad
0,chess,blitz,600,True,1,1-0,2018-08-18,06:05:36,2018-8,0ArtMak0,hectic92,1331,1294,win,checkmated,1.0,0.0,0.5530468951694625,0.4469531048305375,B01,https://www.chess.com/openings/B01-Scandinavian-Defense-Mieses-Kotroc-Variation,https://www.chess.com/live/game/3013871471,https://api.chess.com/pub/player/0artmak0,https://api.chess.com/pub/player/hectic92
0,chess,blitz,600,True,1,0-1,2018-08-18,09:40:45,2018-8,VladimirSPb76,0ArtMak0,1342,1339,resigned,win,0.0,1.0,0.5043172397550598,0.49568276024494023,A40,https://www.chess.com/openings/A40-Queens-Pawn-Opening-Horwitz-Defense,https://www.chess.com/live/game/3014133198,https://api.chess.com/pub/player/vladimirspb76,https://api.chess.com/pub/player/0artmak0
0,chess,blitz,600,True,1,1-0,2018-08-18,09:45:30,2018-8,keoniislam,0ArtMak0,1338,1331,win,timeout,1.0,0.0,0.5100724469274385,0.48992755307256153,B50,https://www.chess.com/openings/B50-Sicilian-Defense-2.Nf3-d6,https://www.chess.com/live/game/3014138817,https://api.chess.com/pub/player/keoniislam,https://api.chess.com/pub/player/0artmak0
0,chess,blitz,600,True,1,1-0,2018-08-19,12:27:54,2018-8,0ArtMak0,sis90,1340,1348,win,checkmated,1.0,0.0,0.4884891087822083,0.5115108912177917,C00,https://www.chess.com/openings/C00-French-Defense-La-Bourdonnais-Variation,https://www.chess.com/live/game/3016565093,https://api.chess.com/pub/player/0artmak0,https://api.chess.com/pub/player/sis90
0,chess,blitz,600,True,1,1-0,2018-08-20,09:57:55,2018-8,lkosubek,0ArtMak0,1371,1333,win,resigned,1.0,0.0,0.554469374021676,0.44553062597832394,B21,https://www.chess.com/openings/B21-Sicilian-Defense-McDonnell-Attack-2...d6,https://www.chess.com/live/game/3018546665,https://api.chess.com/pub/player/lkosubek,https://api.chess.com/pub/player/0artmak0
0,chess,blitz,600,True,1,1-0,2018-08-20,10:15:32,2018-8,0ArtMak0,Angel_7865,1340,1284,win,resigned,1.0,0.0,0.5798997603578815,0.42010023964211857,C35,https://www.chess.com/openings/C35-Kings-Gambit-Accepted-Cunningham-Defense,https://www.chess.com/live/game/3018570980,https://api.chess.com/pub/player/0artmak0,https://api.chess.com/pub/player/angel_7865
0,chess,blitz,600,True,1,1-0,2018-08-20,10:31:21,2018-8,prigorodovdima,0ArtMak0,1375,1333,win,timeout,1.0,0.0,0.5601501452319029,0.4398498547680971,B22,https://www.chess.com/openings/B22-Sicilian-Defense-Alapin-Variation-2...Nc6-3.d4,https://www.chess.com/live/game/3018592279,https://api.chess.com/pub/player/prigorodovdima,https://api.chess.com/pub/player/0artmak0
0,chess,blitz,600,True,1,1-0,2018-08-20,10:51:02,2018-8,0ArtMak0,Sparrow90513,1340,1285,win,checkmated,1.0,0.0,0.5784967523447427,0.42150324765525726,C34,https://www.chess.com/openings/C34-Kings-Gambit-Accepted-Kings-Knight-Gambit,https://www.chess.com/live/game/3018620728,https://api.chess.com/pub/player/0artmak0,https://api.chess.com/pub/player/sparrow90513
0,chess,blitz,600,True,1,1-0,2018-08-20,11:27:38,2018-8,0ArtMak0,BrockLanders83,1347,1297,win,resigned,1.0,0.0,0.5714631174083814,0.4285368825916186,C30,https://www.chess.com/openings/C30-Kings-Gambit-Declined-Queens-Knight-Defense-3.Nf3,https://www.chess.com/live/game/3018674338,https://api.chess.com/pub/player/0artmak0,https://api.chess.com/pub/player/brocklanders83
0,chess,blitz,600,True,1,0-1,2018-08-20,11:43:00,2018-8,jamasperdi,0ArtMak0,1307,1354,checkmated,win,0.0,1.0,0.4327711556570478,0.5672288443429522,B20,https://www.chess.com/openings/B20-Sicilian-Defense,https://www.chess.com/live/game/3018698326,https://api.chess.com/pub/player/jamasperdi,https://api.chess.com/pub/player/0artmak0
0,chess,blitz,600,True,1,0-1,2018-08-20,11:57:07,2018-8,0ArtMak0,Hrabo01,1348,1451,resigned,win,0.0,1.0,0.35596614617770733,0.6440338538222926,C35,https://www.chess.com/openings/C35-Kings-Gambit-Accepted-Cunningham-Defense,https://www.chess.com/live/game/3018720848,https://api.chess.com/pub/player/0artmak0,https://api.chess.com/pub/player/hrabo01
0,chess,blitz,600,True,1,1-0,2018-08-21,03:21:34,2018-8,SherlockHomesWatson,0ArtMak0,1375,1340,win,timeout,1.0,0.0,0.550199353253537,0.449800646746463,B54,https://www.chess.com/openings/B54-Sicilian-Defense-Open-Variation,https://www.chess.com/live/game/3020333386,https://api.chess.com/pub/player/sherlockhomeswatson,https://api.chess.com/pub/player/0artmak0
0,chess,blitz,600,True,1,1-0,2018-08-21,03:42:39,2018-8,maimunahalbarharahap,0ArtMak0,1329,1332,win,timeout,1.0,0.0,0.49568276024494023,0.5043172397550598,A13,https://www.chess.com/openings/A13-English-Opening-Agincourt-Defense,https://www.chess.com/live/game/3020359165,https://api.chess.com/pub/player/maimunahalbarharahap,https://api.chess.com/pub/player/0artmak0
0,chess,blitz,600,True,1,0-1,2018-08-21,04:02:04,2018-8,0ArtMak0,linlucylu3,1325,1381,resigned,win,0.0,1.0,0.42010023964211857,0.5798997603578815,C34,https://www.chess.com/openings/C34-Kings-Gambit-Accepted-Kings-Knight-Gambit,https://www.chess.com/live/game/3020384168,https://api.chess.com/pub/player/0artmak0,https://api.chess.com/pub/player/linlucylu3
0,chess,blitz,600,True,1,1-0,2018-08-21,04:09:32,2018-8,Party_is_over,0ArtMak0,1300,1316,win,resigned,1.0,0.0,0.4769904127024377,0.5230095872975623,B20,https://www.chess.com/openings/B20-Sicilian-Defense-Bowdler-Attack,https://www.chess.com/live/game/3020392862,https://api.chess.com/pub/player/party_is_over,https://api.chess.com/pub/player/0artmak0
0,chess,blitz,600,True,1,1-0,2018-08-21,04:21:37,2018-8,abbasgk123,0ArtMak0,1358,1309,win,resigned,1.0,0.0,0.5700528235839882,0.42994717641601177,B20,https://www.chess.com/openings/B20-Sicilian-Defense-Bowdler-Attack,https://www.chess.com/live/game/3020407612,https://api.chess.com/pub/player/abbasgk123,https://api.chess.com/pub/player/0artmak0
0,chess,blitz,600,True,1,1-0,2018-08-21,06:41:00,2018-8,0ArtMak0,atchew76,1317,1291,win,resigned,1.0,0.0,0.5373473171664928,0.4626526828335072,C00,https://www.chess.com/openings/C00-French-Defense-La-Bourdonnais-Variation,https://www.chess.com/live/game/3020571017,https://api.chess.com/pub/player/0artmak0,https://api.chess.com/pub/player/atchew76
0,chess,blitz,600,True,1,0-1,2018-08-21,06:41:29,2018-8,bookert1982,0ArtMak0,1228,1323,checkmated,win,0.0,1.0,0.3665922999288324,0.6334077000711676,B20,https://www.chess.com/openings/B20-Sicilian-Defense-Bowdler-Attack,https://www.chess.com/live/game/3020571367,https://api.chess.com/pub/player/bookert1982,https://api.chess.com/pub/player/0artmak0
0,chess,blitz,600,True,1,1-0,2018-08-21,06:54:14,2018-8,massimodellavita,0ArtMak0,1261,1313,win,resigned,1.0,0.0,0.42571979634547563,0.5742802036545245,A40,https://www.chess.com/openings/A40-Queens-Pawn-Opening-Horwitz-Defense,https://www.chess.com/live/game/3020586201,https://api.chess.com/pub/player/massimodellavita,https://api.chess.com/pub/player/0artmak0
0,chess,blitz,600,True,1,1-0,2018-08-21,07:10:11,2018-8,0ArtMak0,Lalampa,1321,1309,win,checkmated,1.0,0.0,0.5172625244323762,0.4827374755676238,C34,https://www.chess.com/openings/C34-Kings-Gambit-Accepted-Fischer-Defense-4.d4,https://www.chess.com/live/game/3020604534,https://api.chess.com/pub/player/0artmak0,https://api.chess.com/pub/player/lalampa
0,chess,blitz,600,True,1,0-1,2018-08-21,07:26:21,2018-8,0ArtMak0,Yeshwaraj,1312,1288,resigned,win,0.0,1.0,0.5344839447268315,0.46551605527316847,B07,https://www.chess.com/openings/B07-Pirc-Defense-Harmonist-Variation,https://www.chess.com/live/game/3020623960,https://api.chess.com/pub/player/0artmak0,https://api.chess.com/pub/player/yeshwaraj
0,chess,blitz,600,True,1,1-0,2018-08-21,07:40:10,2018-8,0ArtMak0,ehsanfani,1321,1358,win,timeout,1.0,0.0,0.4469531048305375,0.5530468951694625,B00,https://www.chess.com/openings/B00-Kings-Pawn-Opening-Owen-Defense,https://www.chess.com/live/game/3020639883,https://api.chess.com/pub/player/0artmak0,https://api.chess.com/pub/player/ehsanfani
0,chess,blitz,600,True,1,1-0,2018-08-21,10:17:14,2018-8,0ArtMak0,ErayTuncer,1329,1309,win,resigned,1.0,0.0,0.5287505638922686,0.4712494361077314,C30,https://www.chess.com/openings/C30-Kings-Gambit-2...f6,https://www.chess.com/live/game/3020842949,https://api.chess.com/pub/player/0artmak0,https://api.chess.com/pub/player/eraytuncer
0,chess,blitz,600,True,1,0-1,2018-08-21,10:32:55,2018-8,mark-kla,0ArtMak0,1366,1338,checkmated,win,0.0,1.0,0.5402082283237456,0.45979177167625435,B50,https://www.chess.com/openings/B50-Sicilian-Defense-2.Nf3-d6-3.g3,https://www.chess.com/live/game/3020865470,https://api.chess.com/pub/player/mark-kla,https://api.chess.com/pub/player/0artmak0
0,chess,blitz,600,True,1,1-0,2018-08-21,10:40:45,2018-8,0ArtMak0,adhikustiadi,1347,1359,win,resigned,1.0,0.0,0.4827374755676238,0.5172625244323762,B01,https://www.chess.com/openings/B01-Scandinavian-Defense-Mieses-Kotroc-Variation,https://www.chess.com/live/game/3020876532,https://api.chess.com/pub/player/0artmak0,https://api.chess.com/pub/player/adhikustiadi
0,chess,blitz,600,True,1,0-1,2018-08-21,10:50:40,2018-8,talaahmed,0ArtMak0,1346,1355,resigned,win,0.0,1.0,0.48705085510713625,0.5129491448928637,B20,https://www.chess.com/openings/B20-Sicilian-Defense-2.d3,https://www.chess.com/live/game/3020890930,https://api.chess.com/pub/player/talaahmed,https://api.chess.com/pub/player/0artmak0
0,chess,blitz,600,True,1,0-1,2018-08-21,11:01:27,2018-8,qveylen,0ArtMak0,1384,1364,checkmated,win,0.0,1.0,0.5287505638922686,0.4712494361077314,B50,https://www.chess.com/openings/B50-Sicilian-Defense-Delayed-Alapin-Variation,https://www.chess.com/live/game/3020906954,https://api.chess.com/pub/player/qveylen,https://api.chess.com/pub/player/0artmak0
0,chess,blitz,600,True,1,1-0,2018-08-21,11:13:50,2018-8,0ArtMak0,pavan7160,1372,1366,win,checkmated,1.0,0.0,0.5086338358210827,0.4913661641789174,B21,https://www.chess.com/openings/B21-Sicilian-Defense-McDonnell-Attack-2...Nc6-3.Nf3-g6,https://www.chess.com/live/game/3020925315,https://api.chess.com/pub/player/0artmak0,https://api.chess.com/pub/player/pavan7160
0,chess,blitz,600,True,1,1-0,2018-08-21,11:29:38,2018-8,agbunagdanilo,0ArtMak0,1441,1365,win,resigned,1.0,0.0,0.6076610641268197,0.39233893587318014,B28,https://www.chess.com/openings/B28-Sicilian-Defense-OKelly-Venice-Steiner-Line,https://www.chess.com/live/game/3020950316,https://api.chess.com/pub/player/agbunagdanilo,https://api.chess.com/pub/player/0artmak0
0,chess,blitz,600,True,1,1-0,2018-08-21,14:25:45,2018-8,chrislbb,0ArtMak0,1353,1357,win,resigned,1.0,0.0,0.49424379158885506,0.5057562084111449,B20,https://www.chess.com/openings/B20-Sicilian-Defense-Bowdler-Attack,https://www.chess.com/live/game/3021259172,https://api.chess.com/pub/player/chrislbb,https://api.chess.com/pub/player/0artmak0
0,chess,blitz,600,True,1,0-1,2018-08-21,14:35:03,2018-8,0ArtMak0,chrislbb,1349,1361,resigned,win,0.0,1.0,0.4827374755676238,0.5172625244323762,B21,https://www.chess.com/openings/B21-Sicilian-Defense-McDonnell-Attack-2...e6,https://www.chess.com/live/game/3021277658,https://api.chess.com/pub/player/0artmak0,https://api.chess.com/pub/player/chrislbb
0,chess,blitz,600,True,1,0-1,2018-08-21,14:38:51,2018-8,Anitsirh,0ArtMak0,1368,1358,checkmated,win,0.0,1.0,0.5143871841659987,0.48561281583400134,B50,https://www.chess.com/openings/B50-Sicilian-Defense-2.Nf3-d6,https://www.chess.com/live/game/3021284782,https://api.chess.com/pub/player/anitsirh,https://api.chess.com/pub/player/0artmak0
0,chess,blitz,600,True,1,0-1,2018-08-22,14:01:33,2018-8,0ArtMak0,vladimirbibi,1349,1340,resigned,win,0.0,1.0,0.5129491448928637,0.48705085510713625,C30,https://www.chess.com/openings/C30-Kings-Gambit,https://www.chess.com/live/game/3023485226,https://api.chess.com/pub/player/0artmak0,https://api.chess.com/pub/player/vladimirbibi
0,chess,blitz,600,True,1,0-1,2018-08-22,15:48:15,2018-8,0ArtMak0,mondriakis,1340,1323,resigned,win,0.0,1.0,0.5244454611206615,0.47555453887933863,B21,https://www.chess.com/openings/B21-Sicilian-Defense-McDonnell-Attack-2...Nc6-3.Nf3,https://www.chess.com/live/game/3023693376,https://api.chess.com/pub/player/0artmak0,https://api.chess.com/pub/player/mondriakis
0,chess,blitz,600,True,1,1-0,2018-08-22,16:00:57,2018-8,0ArtMak0,druid55,1348,1323,win,checkmated,1.0,0.0,0.5359159269451023,0.4640840730548977,C34,https://www.chess.com/openings/C34-Kings-Gambit-Accepted-Schallopp-Defense,https://www.chess.com/live/game/3023719117,https://api.chess.com/pub/player/0artmak0,https://api.chess.com/pub/player/druid55
0,chess,blitz,600,True,1,0-1,2018-08-22,18:28:39,2018-8,0ArtMak0,D00976222,1339,1311,resigned,win,0.0,1.0,0.5402082283237456,0.45979177167625435,C00,https://www.chess.com/openings/C00-French-Defense-La-Bourdonnais-Variation,https://www.chess.com/live/game/3024018407,https://api.chess.com/pub/player/0artmak0,https://api.chess.com/pub/player/d00976222
0,chess,blitz,600,True,1,0-1,2018-08-24,03:13:28,2018-8,juandiegote,0ArtMak0,1342,1347,resigned,win,0.0,1.0,0.49280491829094863,0.5071950817090514,B50,https://www.chess.com/openings/B50-Sicilian-Defense-2.Nf3-d6,https://www.chess.com/live/game/3027014551,https://api.chess.com/pub/player/juandiegote,https://api.chess.com/pub/player/0artmak0
0,chess,blitz,600,True,1,1-0,2018-08-24,05:34:54,2018-8,Gaban77,0ArtMak0,1397,1340,win,resigned,1.0,0.0,0.581301478368915,0.41869852163108506,B20,https://www.chess.com/openings/B20-Sicilian-Defense-Bowdler-Attack,https://www.chess.com/live/game/3027180094,https://api.chess.com/pub/player/gaban77,https://api.chess.com/pub/player/0artmak0
0,chess,blitz,600,True,1,1-0,2018-08-24,05:41:47,2018-8,0ArtMak0,sybase2273,1347,1299,win,resigned,1.0,0.0,0.5686413918836677,0.43135860811633236,C30,https://www.chess.com/openings/C30-Kings-Gambit,https://www.chess.com/live/game/3027187902,https://api.chess.com/pub/player/0artmak0,https://api.chess.com/pub/player/sybase2273
0,chess,blitz,600,True,1,0-1,2018-08-24,05:49:17,2018-8,snouzer,0ArtMak0,1301,1354,resigned,win,0.0,1.0,0.4243130476235704,0.5756869523764296,B50,https://www.chess.com/openings/B50-Sicilian-Defense-2.Nf3-d6,https://www.chess.com/live/game/3027196718,https://api.chess.com/pub/player/snouzer,https://api.chess.com/pub/player/0artmak0
0,chess,blitz,600,True,1,1-0,2018-08-24,05:54:42,2018-8,0ArtMak0,snouzer,1361,1294,win,resigned,1.0,0.0,0.5952430396515719,0.4047569603484281,C34,https://www.chess.com/openings/C34-Kings-Gambit-Accepted-MacLeod-Defense,https://www.chess.com/live/game/3027202996,https://api.chess.com/pub/player/0artmak0,https://api.chess.com/pub/player/snouzer
0,chess,blitz,600,True,1,1-0,2018-08-24,07:00:01,2018-8,abhishekd,0ArtMak0,1320,1352,win,resigned,1.0,0.0,0.4540780772195163,0.5459219227804837,A40,https://www.chess.com/openings/A40-Queens-Pawn-Opening-Horwitz-Defense,https://www.chess.com/live/game/3027278936,https://api.chess.com/pub/player/abhishekd,https://api.chess.com/pub/player/0artmak0
0,chess,blitz,600,True,1,0-1,2018-08-24,07:09:15,2018-8,36856589,0ArtMak0,1324,1360,checkmated,win,0.0,1.0,0.4483764526890395,0.5516235473109605,B20,https://www.chess.com/openings/B20-Sicilian-Defense-Bowdler-Attack,https://www.chess.com/live/game/3027289774,https://api.chess.com/pub/player/36856589,https://api.chess.com/pub/player/0artmak0
0,chess,blitz,600,True,1,1-0,2018-08-24,07:17:16,2018-8,tiisetsommusi,0ArtMak0,1370,1352,win,resigned,1.0,0.0,0.525880930891169,0.4741190691088309,B21,https://www.chess.com/openings/B21-Sicilian-Defense-Smith-Morra-Morphy-Gambit,https://www.chess.com/live/game/3027298994,https://api.chess.com/pub/player/tiisetsommusi,https://api.chess.com/pub/player/0artmak0
0,chess,blitz,600,True,1,1-0,2018-08-24,07:27:27,2018-8,0ArtMak0,eyangtwr,1360,1365,win,resigned,1.0,0.0,0.49280491829094863,0.5071950817090514,C35,https://www.chess.com/openings/C35-Kings-Gambit-Accepted-Cunningham-Defense,https://www.chess.com/live/game/3027311145,https://api.chess.com/pub/player/0artmak0,https://api.chess.com/pub/player/eyangtwr
0,chess,blitz,600,True,1,1-0,2018-08-24,07:37:03,2018-8,0ArtMak0,Tarigantambak123,1367,1314,win,checkmated,1.0,0.0,0.5756869523764296,0.4243130476235704,C34,https://www.chess.com/openings/C34-Kings-Gambit-Accepted-Kings-Knight-Gambit,https://www.chess.com/live/game/3027322746,https://api.chess.com/pub/player/0artmak0,https://api.chess.com/pub/player/tarigantambak123
0,chess,blitz,600,True,1,1-0,2018-08-24,09:18:08,2018-8,0ArtMak0,lennas,1375,1343,win,resigned,1.0,0.0,0.5459219227804837,0.4540780772195163,C00,https://www.chess.com/openings/C00-French-Defense-La-Bourdonnais-Variation-2...d5,https://www.chess.com/live/game/3027449651,https://api.chess.com/pub/player/0artmak0,https://api.chess.com/pub/player/lennas
0,chess,blitz,600,True,1,0-1,2018-08-24,09:23:34,2018-8,0ArtMak0,s_e_r_h_a_t_t,1367,1368,resigned,win,0.0,1.0,0.4985608882908471,0.5014391117091528,B21,https://www.chess.com/openings/B21-Sicilian-Defense-McDonnell-Attack-2...Nc6-3.Nf3,https://www.chess.com/live/game/3027456808,https://api.chess.com/pub/player/0artmak0,https://api.chess.com/pub/player/s_e_r_h_a_t_t
0,chess,blitz,600,True,1,0-1,2018-08-24,09:33:14,2018-8,gillessavina,0ArtMak0,1332,1374,checkmated,win,0.0,1.0,0.4398498547680971,0.5601501452319029,B22,https://www.chess.com/openings/B22-Sicilian-Defense-Alapin-Variation-2...d6,https://www.chess.com/live/game/3027469458,https://api.chess.com/pub/player/gillessavina,https://api.chess.com/pub/player/0artmak0
0,chess,blitz,600,True,1,1-0,2018-08-24,09:44:18,2018-8,bexheti,0ArtMak0,1396,1366,win,resigned,1.0,0.0,0.5430664920222119,0.4569335079777882,A02,https://www.chess.com/openings/A02-Birds-Opening,https://www.chess.com/live/game/3027483795,https://api.chess.com/pub/player/bexheti,https://api.chess.com/pub/player/0artmak0
0,chess,blitz,600,True,1,1-0,2018-08-24,10:00:28,2018-8,0ArtMak0,Animelibere,1373,1333,win,checkmated,1.0,0.0,0.5573116337622928,0.44268836623770724,C36,https://www.chess.com/openings/C36-Kings-Gambit-Accepted-Modern-Defense-4.exd5,https://www.chess.com/live/game/3027505383,https://api.chess.com/pub/player/0artmak0,https://api.chess.com/pub/player/animelibere
0,chess,blitz,600,True,1,1-0,2018-08-24,13:33:10,2018-8,0ArtMak0,Rommyfield,1381,1386,win,checkmated,1.0,0.0,0.49280491829094863,0.5071950817090514,C30,https://www.chess.com/openings/C30-Kings-Gambit,https://www.chess.com/live/game/3027848546,https://api.chess.com/pub/player/0artmak0,https://api.chess.com/pub/player/rommyfield
0,chess,blitz,600,True,1,1-0,2018-08-25,12:24:28,2018-8,drahaeg,0ArtMak0,1402,1373,win,resigned,1.0,0.0,0.5416377027147634,0.45836229728523653,B28,https://www.chess.com/openings/B28-Sicilian-Defense-OKelly-Venice-Steiner-Line,https://www.chess.com/live/game/3029960147,https://api.chess.com/pub/player/drahaeg,https://api.chess.com/pub/player/0artmak0
0,chess,blitz,600,True,1,0-1,2018-08-26,08:21:02,2018-8,0ArtMak0,norwegianwood9899,1364,1332,resigned,win,0.0,1.0,0.5459219227804837,0.4540780772195163,C30,https://www.chess.com/openings/C30-Kings-Gambit-Declined-Queens-Knight-Defense-3.Nf3,https://www.chess.com/live/game/3031804900,https://api.chess.com/pub/player/0artmak0,https://api.chess.com/pub/player/norwegianwood9899
0,chess,blitz,600,True,1,1-0,2018-08-26,08:32:18,2018-8,richardjeremejev,0ArtMak0,1410,1357,win,timeout,1.0,0.0,0.5756869523764296,0.4243130476235704,B21,https://www.chess.com/openings/B21-Sicilian-Defense-Smith-Morra-Gambit-2...cxd4-3.Qxd4-Nc6,https://www.chess.com/live/game/3031819587,https://api.chess.com/pub/player/richardjeremejev,https://api.chess.com/pub/player/0artmak0
0,chess,blitz,600,True,1,1-0,2018-08-26,08:50:58,2018-8,godesnoix,0ArtMak0,1327,1348,win,resigned,1.0,0.0,0.469815319996098,0.5301846800039021,B50,https://www.chess.com/openings/B50-Sicilian-Defense-2.Nf3-d6,https://www.chess.com/live/game/3031844369,https://api.chess.com/pub/player/godesnoix,https://api.chess.com/pub/player/0artmak0
0,chess,blitz,600,True,1,0-1,2018-08-26,09:05:15,2018-8,0ArtMak0,chessnewbee1,1340,1345,resigned,win,0.0,1.0,0.49280491829094863,0.5071950817090514,B21,https://www.chess.com/openings/B21-Sicilian-Defense-McDonnell-Attack-2...g6,https://www.chess.com/live/game/3031863672,https://api.chess.com/pub/player/0artmak0,https://api.chess.com/pub/player/chessnewbee1
0,chess,blitz,600,True,1,1-0,2018-08-26,13:30:29,2018-8,0ArtMak0,drnix2,1348,1313,win,checkmated,1.0,0.0,0.550199353253537,0.449800646746463,C34,https://www.chess.com/openings/C34-Kings-Gambit-Accepted-MacLeod-Defense,https://www.chess.com/live/game/3032276199,https://api.chess.com/pub/player/0artmak0,https://api.chess.com/pub/player/drnix2
0,chess,blitz,600,True,1,1-0,2018-08-26,15:37:32,2018-8,hikmet2525,0ArtMak0,1377,1341,win,resigned,1.0,0.0,0.5516235473109605,0.4483764526890395,A40,https://www.chess.com/openings/A40-Queens-Pawn-Opening-Horwitz-Defense,https://www.chess.com/live/game/3032523051,https://api.chess.com/pub/player/hikmet2525,https://api.chess.com/pub/player/0artmak0
0,chess,blitz,600,True,1,1/2-1/2,2018-08-26,15:46:37,2018-8,1ch1ban,0ArtMak0,1292,1340,repetition,repetition,0.5,0.5,0.43135860811633236,0.5686413918836677,A00,https://www.chess.com/openings/A00-Vant-Kruijs-Opening,https://www.chess.com/live/game/3032541279,https://api.chess.com/pub/player/1ch1ban,https://api.chess.com/pub/player/0artmak0
0,chess,blitz,600,True,1,0-1,2018-08-26,15:55:37,2018-8,gunamaggi,0ArtMak0,1270,1347,resigned,win,0.0,1.0,0.39096739659576046,0.6090326034042396,B23,https://www.chess.com/openings/B23-Sicilian-Defense-Closed-2...d6,https://www.chess.com/live/game/3032559150,https://api.chess.com/pub/player/gunamaggi,https://api.chess.com/pub/player/0artmak0
0,chess,blitz,600,True,1,0-1,2018-08-26,18:44:16,2018-8,0ArtMak0,wason20002000,1340,1418,timeout,win,0.0,1.0,0.389597577905311,0.6104024220946891,C00,https://www.chess.com/openings/C00-French-Defense-La-Bourdonnais-Variation,https://www.chess.com/live/game/3032909808,https://api.chess.com/pub/player/0artmak0,https://api.chess.com/pub/player/wason20002000
0,chess,blitz,600,True,1,1-0,2018-08-27,10:41:11,2018-8,jansmith,0ArtMak0,1325,1331,win,timeout,1.0,0.0,0.4913661641789174,0.5086338358210827,A40,https://www.chess.com/openings/A40-Queens-Pawn-Opening-Horwitz-Defense,https://www.chess.com/live/game/3034236003,https://api.chess.com/pub/player/jansmith,https://api.chess.com/pub/player/0artmak0
0,chess,blitz,600,True,1,1-0,2018-08-27,10:58:36,2018-8,0ArtMak0,jkoigalanida,1341,1419,win,resigned,1.0,0.0,0.389597577905311,0.6104024220946891,C34,https://www.chess.com/openings/C34-Kings-Gambit-Accepted-Fischer-Defense-4.d4,https://www.chess.com/live/game/3034262334,https://api.chess.com/pub/player/0artmak0,https://api.chess.com/pub/player/jkoigalanida
0,chess,blitz,600,True,1,0-1,2018-08-27,16:08:39,2018-8,0ArtMak0,KAZAKH085,1334,1382,resigned,win,0.0,1.0,0.43135860811633236,0.5686413918836677,C35,https://www.chess.com/openings/C35-Kings-Gambit-Accepted-Cunningham-Defense,https://www.chess.com/live/game/3034821650,https://api.chess.com/pub/player/0artmak0,https://api.chess.com/pub/player/kazakh085
0,chess,blitz,600,True,1,0-1,2018-08-27,16:17:42,2018-8,Eco_logist,0ArtMak0,1353,1343,resigned,win,0.0,1.0,0.5143871841659987,0.48561281583400134,B28,https://www.chess.com/openings/B28-Sicilian-Defense-OKelly-Venice-Steiner-Line,https://www.chess.com/live/game/3034839872,https://api.chess.com/pub/player/eco_logist,https://api.chess.com/pub/player/0artmak0
0,chess,blitz,600,True,1,0-1,2018-08-28,07:29:05,2018-8,0ArtMak0,annie_mocs,1337,1418,resigned,win,0.0,1.0,0.3854986389914422,0.6145013610085578,B01,https://www.chess.com/openings/B01-Scandinavian-Defense-Mieses-Kotroc-Variation,https://www.chess.com/live/game/3036250751,https://api.chess.com/pub/player/0artmak0,https://api.chess.com/pub/player/annie_mocs
0,chess,blitz,600,True,1,0-1,2018-08-28,07:40:54,2018-8,0ArtMak0,rolandobarda,1330,1394,resigned,win,0.0,1.0,0.4089244036850566,0.5910755963149433,C34,https://www.chess.com/openings/C34-Kings-Gambit-Accepted-Fischer-Defense-4.d4,https://www.chess.com/live/game/3036264861,https://api.chess.com/pub/player/0artmak0,https://api.chess.com/pub/player/rolandobarda
0,chess,blitz,600,True,1,0-1,2018-08-29,08:49:19,2018-8,giogeorge,0ArtMak0,1367,1339,checkmated,win,0.0,1.0,0.5402082283237456,0.45979177167625435,A40,https://www.chess.com/openings/A40-Queens-Pawn-Opening-Horwitz-Defense-2.c4-c5,https://www.chess.com/live/game/3038602306,https://api.chess.com/pub/player/giogeorge,https://api.chess.com/pub/player/0artmak0
0,chess,blitz,600,True,1,0-1,2018-08-29,09:14:52,2018-8,0ArtMak0,Passmann,1333,1413,resigned,win,0.0,1.0,0.3868631798468569,0.6131368201531431,C34,https://www.chess.com/openings/C34-Kings-Gambit-Accepted-Schallopp-Defense,https://www.chess.com/live/game/3038635167,https://api.chess.com/pub/player/0artmak0,https://api.chess.com/pub/player/passmann
0,chess,blitz,600,True,1,1-0,2018-08-29,13:02:12,2018-8,Tania-Tania,0ArtMak0,1297,1324,win,resigned,1.0,0.0,0.46122190794282847,0.5387780920571715,B52,https://www.chess.com/openings/B52-Sicilian-Defense-Canal-Main-Line-4.Bxd7-Nxd7-5.O-O-Ngf6,https://www.chess.com/live/game/3038981644,https://api.chess.com/pub/player/tania-tania,https://api.chess.com/pub/player/0artmak0
0,chess,blitz,600,True,1,1-0,2018-08-29,13:09:45,2018-8,0ArtMak0,Tania-Tania,1331,1290,win,checkmated,1.0,0.0,0.558731369324761,0.44126863067523897,C30,https://www.chess.com/openings/C30-Kings-Gambit,https://www.chess.com/live/game/3038994883,https://api.chess.com/pub/player/0artmak0,https://api.chess.com/pub/player/tania-tania
0,chess,blitz,600,True,1,0-1,2018-08-29,13:21:02,2018-8,Libang-1995,0ArtMak0,1294,1338,checkmated,win,0.0,1.0,0.43701527189640416,0.5629847281035958,B23,https://www.chess.com/openings/B23-Sicilian-Defense-Closed-2...d6,https://www.chess.com/live/game/3039014898,https://api.chess.com/pub/player/libang-1995,https://api.chess.com/pub/player/0artmak0
0,chess,blitz,600,True,1,1-0,2018-08-29,15:30:04,2018-8,Debargho,0ArtMak0,1365,1330,win,resigned,1.0,0.0,0.550199353253537,0.449800646746463,B20,https://www.chess.com/openings/B20-Sicilian-Defense-Staunton-Cochrane-Variation,https://www.chess.com/live/game/3039260578,https://api.chess.com/pub/player/debargho,https://api.chess.com/pub/player/0artmak0
0,chess,blitz,600,True,1,1-0,2018-08-29,15:36:11,2018-8,attappilly,0ArtMak0,1359,1322,win,resigned,1.0,0.0,0.5530468951694625,0.4469531048305375,A00,https://www.chess.com/openings/A00-Van-Geet-Opening-1...c5-2.Nf3,https://www.chess.com/live/game/3039272793,https://api.chess.com/pub/player/attappilly,https://api.chess.com/pub/player/0artmak0
0,chess,blitz,600,True,1,1-0,2018-08-29,15:44:26,2018-8,0ArtMak0,Graus1,1331,1370,win,resigned,1.0,0.0,0.4441090388831469,0.5558909611168531,C37,https://www.chess.com/openings/C37-Kings-Gambit-Accepted-Kings-Knight-Gambit-3...g5-4.Bc4,https://www.chess.com/live/game/3039289383,https://api.chess.com/pub/player/0artmak0,https://api.chess.com/pub/player/graus1
0,chess,blitz,600,True,1,0-1,2018-08-30,04:03:27,2018-8,ronikhan5550,0ArtMak0,1328,1339,resigned,win,0.0,1.0,0.4841750147352649,0.515824985264735,B22,https://www.chess.com/openings/B22-Sicilian-Defense-Alapin-Variation-2...Nc6-3.d4,https://www.chess.com/live/game/3040527742,https://api.chess.com/pub/player/ronikhan5550,https://api.chess.com/pub/player/0artmak0
0,chess,blitz,600,True,1,0-1,2018-08-30,04:04:29,2018-8,0ArtMak0,Counsellor7777,1330,1285,timeout,win,0.0,1.0,0.5644004902404213,0.4355995097595788,C35,https://www.chess.com/openings/C35-Kings-Gambit-Accepted-Cunningham-Defense,https://www.chess.com/live/game/3040528559,https://api.chess.com/pub/player/0artmak0,https://api.chess.com/pub/player/counsellor7777
0,chess,blitz,600,True,1,0-1,2018-08-30,04:20:47,2018-8,Eifd9183,0ArtMak0,1355,1339,timeout,win,0.0,1.0,0.5230095872975623,0.4769904127024377,B50,https://www.chess.com/openings/B50-Sicilian-Defense-2.Nf3-d6,https://www.chess.com/live/game/3040547417,https://api.chess.com/pub/player/eifd9183,https://api.chess.com/pub/player/0artmak0
0,chess,blitz,600,True,1,0-1,2018-08-30,04:47:48,2018-8,0ArtMak0,mathewj502,1332,1378,resigned,win,0.0,1.0,0.43418479693076684,0.5658152030692333,B21,https://www.chess.com/openings/B21-Sicilian-Defense-McDonnell-Attack-2...Nc6-3.Nf3-e6,https://www.chess.com/live/game/3040579141,https://api.chess.com/pub/player/0artmak0,https://api.chess.com/pub/player/mathewj502
0,chess,blitz,600,True,1,0-1,2018-08-30,04:58:05,2018-8,0ArtMak0,ha-e,1324,1347,resigned,win,0.0,1.0,0.46694860611555894,0.5330513938844411,C34,https://www.chess.com/openings/C34-Kings-Gambit-Accepted-Fischer-Defense-4.d4,https://www.chess.com/live/game/3040591066,https://api.chess.com/pub/player/0artmak0,https://api.chess.com/pub/player/ha-e
0,chess,blitz,600,True,1,1-0,2018-08-30,09:34:42,2018-8,mohandeepsingh_39,0ArtMak0,1347,1316,win,checkmated,1.0,0.0,0.544494573083008,0.4555054269169921,A40,https://www.chess.com/openings/A40-Queens-Pawn-Opening-Horwitz-Defense-2.Bf4,https://www.chess.com/live/game/3040920842,https://api.chess.com/pub/player/mohandeepsingh_39,https://api.chess.com/pub/player/0artmak0
0,chess,blitz,600,True,1,0-1,2018-08-30,09:50:23,2018-8,0ArtMak0,Floresgali19,1309,1355,resigned,win,0.0,1.0,0.43418479693076684,0.5658152030692333,C34,https://www.chess.com/openings/C34-Kings-Gambit-Accepted-Becker-Defense,https://www.chess.com/live/game/3040942034,https://api.chess.com/pub/player/0artmak0,https://api.chess.com/pub/player/floresgali19
0,chess,blitz,600,True,1,1-0,2018-08-30,10:07:00,2018-8,0ArtMak0,srnair69,1317,1295,win,resigned,1.0,0.0,0.5316182978281073,0.46838170217189273,C00,https://www.chess.com/openings/C00-French-Defense-La-Bourdonnais-Variation,https://www.chess.com/live/game/3040965024,https://api.chess.com/pub/player/0artmak0,https://api.chess.com/pub/player/srnair69
0,chess,blitz,600,True,1,0-1,2018-08-30,10:20:43,2018-8,mishanya8720,0ArtMak0,1292,1325,resigned,win,0.0,1.0,0.45265148195413535,0.5473485180458647,B50,https://www.chess.com/openings/B50-Sicilian-Defense-2.Nf3-d6,https://www.chess.com/live/game/3040983580,https://api.chess.com/pub/player/mishanya8720,https://api.chess.com/pub/player/0artmak0
0,chess,blitz,600,True,1,1-0,2018-08-30,10:39:58,2018-8,patelnatuv,0ArtMak0,1338,1317,win,resigned,1.0,0.0,0.5301846800039021,0.469815319996098,B50,https://www.chess.com/openings/B50-Sicilian-Defense-2.Nf3-d6,https://www.chess.com/live/game/3041011439,https://api.chess.com/pub/player/patelnatuv,https://api.chess.com/pub/player/0artmak0
0,chess,blitz,600,True,1,1-0,2018-08-30,10:45:43,2018-8,0ArtMak0,Sofnas,1323,1213,win,checkmated,1.0,0.0,0.6532171672188698,0.34678283278113026,B01,https://www.chess.com/openings/B01-Scandinavian-Defense-Mieses-Kotroc-Variation,https://www.chess.com/live/game/3041019661,https://api.chess.com/pub/player/0artmak0,https://api.chess.com/pub/player/sofnas
0,chess,blitz,600,True,1,1-0,2018-08-30,11:37:52,2018-8,barisdiricanli,0ArtMak0,1335,1315,win,resigned,1.0,0.0,0.5287505638922686,0.4712494361077314,B53,https://www.chess.com/openings/B53-Sicilian-Defense-Chekhover-Variation,https://www.chess.com/live/game/3041098311,https://api.chess.com/pub/player/barisdiricanli,https://api.chess.com/pub/player/0artmak0
0,chess,blitz,600,True,1,0-1,2018-08-30,11:52:47,2018-8,0ArtMak0,Mar_cius8,1306,1279,resigned,win,0.0,1.0,0.5387780920571715,0.46122190794282847,C34,https://www.chess.com/openings/C34-Kings-Gambit-Accepted-Schallopp-Defense,https://www.chess.com/live/game/3041122614,https://api.chess.com/pub/player/0artmak0,https://api.chess.com/pub/player/mar_cius8
0,chess,blitz,600,True,1,0-1,2018-08-30,12:43:57,2018-8,murodjumayev,0ArtMak0,1275,1313,resigned,win,0.0,1.0,0.44553062597832394,0.554469374021676,B92,https://www.chess.com/openings/B92-Sicilian-Defense-Open-Najdorf-Opocensky-Variation-6...e5-7.Nf3,https://www.chess.com/live/game/3041207928,https://api.chess.com/pub/player/murodjumayev,https://api.chess.com/pub/player/0artmak0
0,chess,blitz,600,True,1,1-0,2018-08-30,12:45:54,2018-8,0ArtMak0,razqar,1321,1326,win,abandoned,1.0,0.0,0.49280491829094863,0.5071950817090514,C34,https://www.chess.com/openings/C34-Kings-Gambit-Accepted-Kings-Knight-Gambit,https://www.chess.com/live/game/3041210740,https://api.chess.com/pub/player/0artmak0,https://api.chess.com/pub/player/razqar
0,chess,blitz,600,True,1,0-1,2018-08-30,12:56:39,2018-8,Debkumar555,0ArtMak0,1342,1330,checkmated,win,0.0,1.0,0.5172625244323762,0.4827374755676238,A40,https://www.chess.com/openings/A40-Queens-Pawn-Opening-Horwitz-Defense,https://www.chess.com/live/game/3041228938,https://api.chess.com/pub/player/debkumar555,https://api.chess.com/pub/player/0artmak0
0,chess,blitz,600,True,1,1-0,2018-08-30,13:13:25,2018-8,0ArtMak0,PopkoZor,1337,1289,win,checkmated,1.0,0.0,0.5686413918836677,0.43135860811633236,C34,https://www.chess.com/openings/C34-Kings-Gambit-Accepted-Kings-Knight-Gambit,https://www.chess.com/live/game/3041259337,https://api.chess.com/pub/player/0artmak0,https://api.chess.com/pub/player/popkozor
0,chess,blitz,600,True,1,1-0,2018-08-30,13:36:49,2018-8,0ArtMak0,MuneerShaikh,1345,1323,win,checkmated,1.0,0.0,0.5316182978281073,0.46838170217189273,C38,https://www.chess.com/openings/C38-Kings-Gambit-Accepted-Traditional-Variation-5.d4,https://www.chess.com/live/game/3041300495,https://api.chess.com/pub/player/0artmak0,https://api.chess.com/pub/player/muneershaikh
0,chess,blitz,600,True,1,1-0,2018-09-01,05:38:00,2018-9,0ArtMak0,nurjahan,1352,1301,win,timeout,1.0,0.0,0.5728722513945045,0.4271277486054956,B21,https://www.chess.com/openings/B21-Sicilian-Defense-McDonnell-Attack-2...Nc6-3.Nf3,https://www.chess.com/live/game/3045064675,https://api.chess.com/pub/player/0artmak0,https://api.chess.com/pub/player/nurjahan
0,chess,blitz,600,True,1,0-1,2018-09-01,05:53:28,2018-9,0ArtMak0,leprrr,1344,1351,timeout,win,0.0,1.0,0.48992755307256153,0.5100724469274385,B06,https://www.chess.com/openings/B06-Modern-Defense-Three-Pawns-Attack-with-2-f4,https://www.chess.com/live/game/3045082740,https://api.chess.com/pub/player/0artmak0,https://api.chess.com/pub/player/leprrr
0,chess,blitz,600,True,1,1/2-1/2,2018-09-01,06:13:34,2018-9,blondejoe,0ArtMak0,1355,1344,repetition,repetition,0.5,0.5,0.515824985264735,0.4841750147352649,A43,https://www.chess.com/openings/A43-Queens-Pawn-Opening-Horwitz-Defense-2.c4-c5-3.d5-exd5-4.cxd5,https://www.chess.com/live/game/3045106345,https://api.chess.com/pub/player/blondejoe,https://api.chess.com/pub/player/0artmak0
